Company,Date,News Headline,Source,URL
Apple,2024-08-19T18:58:36Z,Apple Music is currently offering new subscribers three months free,Yahoo Entertainment,https://consent.yahoo.com/v2/collectConsent?sessionId=1_cc-session_47c016ce-26ca-4d03-af25-b7372d818ca1
Apple,2024-08-23T18:44:47Z,Meta has reportedly killed its Apple Vision Pro competitor,Yahoo Entertainment,https://consent.yahoo.com/v2/collectConsent?sessionId=1_cc-session_3ea390c2-c800-4355-ac65-d8697e08b5a6
Apple,2024-08-04T17:22:30Z,"The plastic Apple Watch SE could be for kids, and that’s actually exciting",The Verge,https://www.theverge.com/2024/8/4/24213086/plastic-apple-watch-se-3rd-generation-colors-kid-friendly
Apple,1970-01-01T00:00:00Z,[Removed],[Removed],https://removed.com
Apple,2024-08-12T15:17:57Z,This Anker 3-in-1 MagSafe charging station is cheaper than ever right now,Yahoo Entertainment,https://consent.yahoo.com/v2/collectConsent?sessionId=1_cc-session_21ae5a33-1084-45a5-b747-3ffda68c0a15
Apple,2024-08-08T14:20:01Z,Analyst Predicts $20 Monthly Fee for Apple Intelligence,Gizmodo.com,https://gizmodo.com/analyst-predicts-20-monthly-fee-for-apple-intelligence-2000484627
Apple,2024-08-20T19:23:47Z,Apple event rumor roundup: What to expect at the iPhone 16 keynote,Yahoo Entertainment,https://consent.yahoo.com/v2/collectConsent?sessionId=1_cc-session_7de77318-ab44-441e-a0d7-b47c8388fcdd
Apple,2024-08-24T14:04:00Z,How to Switch From iPhone to Android (2024),Wired,https://www.wired.com/story/how-to-switch-from-iphone-to-android/
Apple,2024-08-20T21:14:26Z,Nomad’s latest Base One Max 3-in-1 charger is more than $50 off,The Verge,https://www.theverge.com/2024/8/20/24224722/nomad-base-one-max-3-in-1-magsafe-magnetic-charger-deal-sale
Apple,1970-01-01T00:00:00Z,[Removed],[Removed],https://removed.com
Apple,2024-08-01T21:18:07Z,Ohio becomes the fifth US state to recognize IDs in Apple Wallet,Yahoo Entertainment,https://consent.yahoo.com/v2/collectConsent?sessionId=1_cc-session_64d1f7f3-1819-4b32-8c33-2b046a2481b4
Apple,2024-08-29T20:47:46Z,Spotify says Apple broke some of its volume controls on iOS,Yahoo Entertainment,https://consent.yahoo.com/v2/collectConsent?sessionId=1_cc-session_a86cdf7b-fc4e-47cb-9100-adaa6fb3b99c
Apple,2024-08-15T20:00:21Z,California state IDs can now be stored in Apple Wallet and Google Wallet,Yahoo Entertainment,https://consent.yahoo.com/v2/collectConsent?sessionId=1_cc-session_4d882fc4-77c8-4343-993d-5f90793d52c6
Apple,2024-08-05T22:10:49Z,"‘You are a helpful mail assistant,’ and other Apple Intelligence instructions",The Verge,https://www.theverge.com/2024/8/5/24213861/apple-intelligence-instructions-macos-15-1-sequoia-beta
Apple,2024-08-25T00:00:00Z,European iPhones are more fun now,The Verge,https://www.theverge.com/2024/8/24/24226946/iphone-eu-regulation-app-stores-fortnite
Apple,2024-08-03T21:07:54Z,Apple has finally started sending out payments from its butterfly keyboard settlement,Yahoo Entertainment,https://consent.yahoo.com/v2/collectConsent?sessionId=1_cc-session_651d4368-a7cd-4e0f-9d73-bbc1389536c3
Apple,2024-08-15T11:19:40Z,The Morning After: Apple is still working on a rotating iPad-like tabletop device,Yahoo Entertainment,https://consent.yahoo.com/v2/collectConsent?sessionId=1_cc-session_05535ecc-ca31-4806-8616-86b6a88233a0
Apple,2024-08-01T11:00:00Z,"Samsung Galaxy Watch Ultra review: if you can’t beat ’em, join ’em",The Verge,https://www.theverge.com/24210505/samsung-galaxy-watch-ultra-review-smartwatch-wearables
Apple,1970-01-01T00:00:00Z,[Removed],[Removed],https://removed.com
Apple,2024-08-03T12:30:00Z,How to Control Android Auto or Apple CarPlay With Your Voice While Driving,Wired,https://www.wired.com/story/how-to-use-your-voice-to-control-android-auto-or-apple-carplay/
Apple,2024-08-12T13:00:20Z,Squid Game Season 2 Teases Its Doomed Players,Gizmodo.com,https://gizmodo.com/squid-game-season-2-netflix-cast-characters-release-date-2000485660
Apple,2024-08-16T14:00:24Z,"Margrethe Vestager, Big Tech's European nemesis, reportedly steps down later this year",Yahoo Entertainment,https://consent.yahoo.com/v2/collectConsent?sessionId=1_cc-session_0328abdf-04d4-44d1-9d77-52133c530ea8
Apple,2024-08-08T17:00:13Z,Google Beefs Up Android’s Second-Favorite Weather App in Time for the Pixel 9,Gizmodo.com,https://gizmodo.com/google-beefs-up-androids-second-favorite-weather-app-in-time-for-the-pixel-9-2000484725
Apple,1970-01-01T00:00:00Z,[Removed],[Removed],https://removed.com
Apple,2024-08-17T14:14:33Z,iPhone 16: all the leaks and rumors about Apple’s next smartphone,The Verge,https://www.theverge.com/2024/8/17/24222355/iphone-16-rumors-leaks-cameras
Apple,2024-08-13T13:00:00Z,Rivian is bringing Apple Music with spatial audio to its CarPlay-less EVs,The Verge,https://www.theverge.com/2024/8/13/24218973/rivian-apple-music-connect-plus-subscribe-fee
Apple,2024-08-28T18:52:16Z,Apple's latest iOS and iPadOS developer betas include an AI object removal tool for Photos,Yahoo Entertainment,https://consent.yahoo.com/v2/collectConsent?sessionId=1_cc-session_06ef9127-7830-4a3a-a97f-6038b77cb0fe
Apple,2024-08-22T14:00:00Z,Apple is still standing in the way of Epic’s app store,The Verge,https://www.theverge.com/2024/8/22/24225634/apple-epic-games-store-ios-developers
Apple,2024-08-05T15:30:42Z,Apple Is Sending Out $395 Checks for Butterfly Keyboard Settlement,Gizmodo.com,https://gizmodo.com/apple-is-sending-out-395-checks-for-butterfly-keyboard-settlement-2000483156
Apple,2024-08-06T10:00:35Z,Californians Are Getting Apple Wallet Driver’s Licenses This Year,Gizmodo.com,https://gizmodo.com/californians-are-getting-apple-wallet-drivers-licenses-this-year-2000483334
Apple,2024-08-12T15:25:47Z,Apple Still Has Its Eye on Smart Glasses,Gizmodo.com,https://gizmodo.com/apple-still-has-its-eye-on-smart-glasses-2000485835
Apple,2024-08-08T18:50:56Z,Apple Wants to Make the Mac Mini Even Smaller. Why?,Gizmodo.com,https://gizmodo.com/apple-wants-to-make-the-mac-mini-even-smaller-why-2000484805
Apple,1970-01-01T00:00:00Z,[Removed],[Removed],https://removed.com
Apple,2024-08-23T20:10:42Z,"Apple Will Show off the iPhone 16 Sept. 10, for Real This Time",Gizmodo.com,https://gizmodo.com/apple-will-show-off-the-iphone-16-sept-10-for-real-this-time-2000490525
Apple,2024-08-18T17:15:15Z,Dark Matter Will Return for More Multiverse Shenanigans,Gizmodo.com,https://gizmodo.com/dark-matter-season-2-appletv-2000488332
Apple,2024-08-30T15:10:40Z,"At This Price, No One Can Compete with the Apple Watch Series 9 This Labor Day",Gizmodo.com,https://gizmodo.com/at-this-price-no-one-can-compete-with-the-apple-watch-series-9-this-labor-day-2000493271
Apple,2024-08-29T16:45:42Z,You Can Try Out Apple Intelligence Right Now on the iOS 18 Beta,Gizmodo.com,https://gizmodo.com/you-can-try-out-apple-intelligence-right-now-on-the-ios-18-beta-2000492315
Apple,2024-08-06T17:00:50Z,Exclusive Time Bandits Clip Highlights the Show’s Playful Magic,Gizmodo.com,https://gizmodo.com/exclusive-time-bandits-clip-highlights-the-shows-playful-magic-2000482716
Apple,2024-08-19T10:15:34Z,Apple Vision Pro With visionOS 2 Is a Baby Step Toward a Better Headset,Gizmodo.com,https://gizmodo.com/apple-vision-pro-with-visionos-2-is-a-baby-step-toward-a-better-headset-2000488081
Apple,2024-08-22T14:15:11Z,Here’s the Latest Timeline on a Rumored Foldable MacBook,Gizmodo.com,https://gizmodo.com/heres-the-latest-timeline-on-a-rumored-foldable-macbook-2000489796
Apple,2024-08-30T11:50:42Z,Labor Day Deals at Amazon: Apple Must Be Cringing at This MacBook Air M3 Price,Gizmodo.com,https://gizmodo.com/labor-day-deals-at-amazon-apple-must-be-cringing-at-this-macbook-air-m3-price-2000493049
Apple,2024-08-11T12:00:02Z,"It Took Apple’s $3,500 Vision Pro to Make Me Appreciate Nintendo’s Virtual Boy",Gizmodo.com,https://gizmodo.com/it-took-apples-3500-vision-pro-to-make-me-appreciate-nintendos-virtual-boy-2000485345
Apple,1970-01-01T00:00:00Z,[Removed],[Removed],https://removed.com
Apple,2024-08-15T19:45:24Z,Soon You Can Store a California State ID in Apple Wallet,Gizmodo.com,https://gizmodo.com/soon-you-can-store-a-california-state-id-in-apple-wallet-2000487604
Apple,2024-08-28T20:05:05Z,"The iPhone 16 Isn’t Out Yet, and There’s Already a Reason to Wait for the iPhone 17",Gizmodo.com,https://gizmodo.com/the-iphone-16-wait-for-the-iphone-17-2000492137
Apple,2024-08-27T20:30:02Z,What to Expect From Apple’s Glowtime iPhone 16 Launch Event,Gizmodo.com,https://gizmodo.com/what-to-expect-from-apples-glowtime-iphone-16-launch-event-2000491519
Apple,2024-08-05T19:02:19Z,Judge rules that Google ‘is a monopolist’ in US antitrust case,The Verge,https://www.theverge.com/2024/8/5/24155520/judge-rules-on-us-doj-v-google-antitrust-search-suit
Apple,2024-08-08T11:00:10Z,Beats Pill Review: A Bunch of Bells and Whistles Without the Apple Price Tag,Gizmodo.com,https://gizmodo.com/beats-pill-review-a-bunch-of-bells-and-whistles-without-the-apple-price-tag-2000483706
Apple,2024-08-14T18:15:44Z,Latest Apple Leak Offers the Best Look at the iPhone 16’s Vertical Camera Stack,Gizmodo.com,https://gizmodo.com/latest-apple-leak-offers-the-best-look-at-the-iphone-16s-vertical-camera-stack-2000487056
Apple,2024-08-30T18:45:36Z,Spotify Says Apple No Longer Allows for Physical Volume Controls on iPhone Connected Devices,Gizmodo.com,https://gizmodo.com/spotify-says-apple-no-longer-allows-for-physical-volume-controls-on-iphone-connected-devices-2000493225
Apple,2024-08-26T14:58:21Z,Ted Lasso could come back for a fourth season,The Verge,https://www.theverge.com/2024/8/26/24228719/ted-lasso-season-4-apple-tv-warner-bros
Apple,2024-08-14T17:39:51Z,"Apple will let other digital wallets into Apple Pay, and even be the default",Ars Technica,https://arstechnica.com/gadgets/2024/08/apple-will-let-other-digital-wallets-into-apple-pay-and-even-be-the-default/
Apple,2024-08-25T12:00:00Z,The best smartphone photos of the year,The Verge,https://www.theverge.com/2024/8/25/24226795/best-smartphone-photos-2024-hollywood-hack-blink-twice-installer
Apple,2024-08-30T14:30:00Z,Turn Your Old iPhone or iPad Into a Retro Game Machine,Wired,https://www.wired.com/story/turn-your-iphone-into-a-retro-game-machine/
Apple,2024-08-15T13:45:30Z,Apple’s Next Big Thing is Reportedly an iPad on a Robot Arm,Gizmodo.com,https://gizmodo.com/apples-next-big-thing-is-reportedly-an-ipad-on-a-robot-arm-2000487375
Apple,1970-01-01T00:00:00Z,[Removed],[Removed],https://removed.com
Apple,2024-08-05T23:26:00Z,Next Apple Watch SE Could Be Made From Plastic,MacRumors,https://www.macrumors.com/2024/08/05/apple-watch-se-plastic/
Apple,2024-08-16T14:25:16Z,"Fortnite’s Back on the Menu, Boys: Epic Games Store Goes Online for iOS and Android",Gizmodo.com,https://gizmodo.com/epic-games-store-goes-online-ios-and-android-2000487916
Apple,2024-08-02T10:37:44Z,Wallet App Support for Apple Account Cards Now Live in Australia and Canada,MacRumors,https://www.macrumors.com/2024/08/02/apple-account-cards-canada-australia/
Apple,2024-08-05T11:15:49Z,The Morning After: Meta is reportedly offering millions to get Hollywood voices into its AI projects,Yahoo Entertainment,https://consent.yahoo.com/v2/collectConsent?sessionId=1_cc-session_ce04e18b-9af7-45fc-9997-d7ef00c34366
Apple,2024-08-27T17:27:31Z,Mac App Store and Apple Books Experiencing Outage,MacRumors,https://www.macrumors.com/2024/08/27/mac-app-store-outage-august/
Apple,2024-08-13T18:19:51Z,National Parks Apple Watch Activity Challenge Coming on August 25,MacRumors,https://www.macrumors.com/2024/08/13/national-parks-activity-challenge-august-25/
Apple,2024-08-30T09:59:41Z,"Best Apple Labor Day Sales: Save on iPads, AirPods, Apple Watches, MacBooks and More",CNET,https://www.cnet.com/deals/best-apple-labor-day-sales-2024-8-30/
Apple,2024-08-26T21:36:32Z,"Samsung TVs will get 7 years of updates, starting with 2023 models",Ars Technica,https://arstechnica.com/gadgets/2024/08/samsung-tvs-will-get-7-years-of-updates-starting-with-2023-models/
Apple,2024-08-27T17:31:54Z,Apple shuffles CFOs for the first time in a decade,Ars Technica,https://arstechnica.com/gadgets/2024/08/apple-shuffles-cfos-for-the-first-time-in-a-decade/
Apple,2024-08-20T12:56:29Z,Apple Music Offering Free Three-Month Trial for a Limited Time,MacRumors,https://www.macrumors.com/2024/08/20/apple-music-free-three-month-trial/
Apple,2024-08-29T14:41:41Z,Will a New Apple TV Still Launch This Year?,MacRumors,https://www.macrumors.com/2024/08/29/when-is-a-new-apple-tv-coming-out/
Apple,2024-08-29T15:28:10Z,Apple Sports to Offer Live Activities for All Leagues Available Within App,MacRumors,https://www.macrumors.com/2024/08/29/apple-sports-live-activities-and-more/
Apple,2024-08-27T22:38:55Z,Apple Now Lets Users Transfer Apple Music Playlists to YouTube Music,MacRumors,https://www.macrumors.com/2024/08/27/apple-music-youtube-music-playlist-transfer/
Apple,2024-08-15T14:18:26Z,Apple Card Named Best in Customer Satisfaction for Fourth Year,MacRumors,https://www.macrumors.com/2024/08/15/apple-card-named-best-in-customer-satisfaction/
Apple,2024-08-27T11:21:36Z,Apple Watch X? September 9 Event Date Marks Its 10th Anniversary,MacRumors,https://www.macrumors.com/2024/08/27/apple-watch-x-september-9-tenth-anniversary/
Apple,2024-08-30T14:39:46Z,AnandTech shuts down after 27 years,The Verge,https://www.theverge.com/2024/8/30/24232171/anandtech-tech-journalism-hardware
Apple,2024-08-28T20:15:58Z,AI image-generation company Midjourney says it’s “getting into hardware”,Ars Technica,https://arstechnica.com/gadgets/2024/08/ai-image-generation-company-midjourney-says-its-getting-into-hardware/
Apple,2024-08-06T17:01:00Z,Apple Seeds Third tvOS 18 Public Beta,MacRumors,https://www.macrumors.com/2024/08/06/apple-seeds-third-tvos-18-public-beta/
Apple,2024-08-26T20:39:39Z,Apple CFO Luca Maestri Stepping Down,MacRumors,https://www.macrumors.com/2024/08/26/apple-cfo-luca-maestri-stepping-down/
Apple,1970-01-01T00:00:00Z,[Removed],[Removed],https://removed.com
Apple,1970-01-01T00:00:00Z,[Removed],[Removed],https://removed.com
Apple,2024-08-28T16:35:58Z,Apple lays off employees working on Books and News,Ars Technica,https://arstechnica.com/gadgets/2024/08/apple-lays-off-employees-working-on-books-and-news/
Apple,2024-08-16T17:33:33Z,The Gizmodo Back to School Guide 2024,Gizmodo.com,https://gizmodo.com/the-gizmodo-back-to-school-guide-2024-2000487416
Apple,2024-08-16T19:10:39Z,I Can’t Get Down With the iPhone 16 Pro Max in Brown,Gizmodo.com,https://gizmodo.com/i-cant-get-down-with-the-iphone-16-pro-max-in-brown-2000488034
Apple,2024-08-23T19:45:23Z,Meta Suddenly Realizes It Doesn’t Have to Worry About the Vision Pro,Gizmodo.com,https://gizmodo.com/meta-suddenly-realizes-it-doesnt-have-to-worry-about-the-vision-pro-2000490492
Apple,2024-08-26T22:03:03Z,"iPad Mini Stock Dwindling at Apple Stores, Refresh Could Be Coming",MacRumors,https://www.macrumors.com/2024/08/26/ipad-mini-stock-dwindling/
Apple,2024-08-01T22:24:12Z,Apple's Q3 2024 Earnings Call Takeaways,MacRumors,https://www.macrumors.com/2024/08/01/apple-q3-2024-earnings-takeaways/
Apple,2024-08-02T18:15:40Z,Apple Pulls Latest Ad After Criticism Over Depiction of Thailand,MacRumors,https://www.macrumors.com/2024/08/02/apple-pulls-latest-underdogs-ad/
Apple,2024-08-01T17:11:11Z,Apple Files Motion to Dismiss Department of Justice Antitrust Lawsuit,MacRumors,https://www.macrumors.com/2024/08/01/apple-doj-motion-to-dismiss/
Apple,2024-07-31T12:37:12Z,Apple Intelligence Beta Users Invited to 'Rate Your Experiences' and Earn Points,MacRumors,https://www.macrumors.com/2024/07/31/apple-intelligence-beta-users-rate-experiences/
Apple,2024-08-07T19:19:00Z,Download iOS 17.6.1 to Tackle This Potential Security Issue,CNET,https://www.cnet.com/tech/services-and-software/download-ios-17-6-1-now-to-tackle-this-potential-security-issue/
Apple,2024-08-01T13:47:34Z,How to Enable Apple Intelligence If You're Outside the US,MacRumors,https://www.macrumors.com/how-to/enable-apple-intelligence-outside-us/
Apple,2024-08-06T22:50:00Z,Apple Discontinues USB SuperDrive After 16 Years,Slashdot.org,https://apple.slashdot.org/story/24/08/06/2127230/apple-discontinues-usb-superdrive-after-16-years
Apple,2024-08-05T20:20:56Z,Google and Apple's Search Engine Deal Violates Antitrust Law,MacRumors,https://www.macrumors.com/2024/08/05/google-search-antitrust-monopoly/
Apple,2024-08-07T17:42:05Z,Apple Releases macOS Sonoma 14.6.1 With Bug Fixes,MacRumors,https://www.macrumors.com/2024/08/07/apple-releases-macos-sonoma-14-6-1/
Apple,2024-08-26T18:09:55Z,Apple Store in Southeastern U.S. Relocating Later This Week,MacRumors,https://www.macrumors.com/2024/08/26/apple-bridge-street-store-relocating/
Apple,2024-08-01T22:47:16Z,Apple just bought itself some time,Business Insider,https://www.businessinsider.com/apple-bought-itself-some-time-after-quarterly-results-2024-8
Apple,2024-08-29T17:52:47Z,Apple Reportedly in Talks to Invest in ChatGPT Maker OpenAI,MacRumors,https://www.macrumors.com/2024/08/29/apple-reportedly-in-talks-to-invest-in-openai/
Apple,2024-08-05T11:09:36Z,iPhone 16 Still Coming in September Despite Delayed Apple Intelligence Rollout,MacRumors,https://www.macrumors.com/2024/08/05/iphone-16-september-launch-on-track/
Apple,2024-08-22T16:12:16Z,Apple Promotes Final Cut Pro for Mac and iPad in New Ad,MacRumors,https://www.macrumors.com/2024/08/22/apple-final-cut-pro-mac-ipad-ad/
Apple,2024-08-27T22:57:00Z,Apple Immersive Series 'Elevated' Coming to Vision Pro on September 6,MacRumors,https://www.macrumors.com/2024/08/27/vision-pro-immersive-series-elevated/
Apple,2024-08-26T16:03:56Z,Apple Event Announced for September 9: 'It's Glowtime',MacRumors,https://www.macrumors.com/2024/08/26/apple-september-9-iphone-event/
Apple,2024-08-30T14:41:33Z,LG to Offer 3-Month Free Trial of Apple TV+ on Select Smart TV Models,MacRumors,https://www.macrumors.com/2024/08/30/lg-3-month-apple-tv-plus-trial-offer/
Apple,2024-08-13T10:28:46Z,How to Get Apple Intelligence in the EU,MacRumors,https://www.macrumors.com/how-to/get-apple-intelligence-in-the-eu/
Microsoft,1970-01-01T00:00:00Z,[Removed],[Removed],https://removed.com
Microsoft,1970-01-01T00:00:00Z,[Removed],[Removed],https://removed.com
Microsoft,2024-08-12T16:08:27Z,Microsoft confirms its Paint 3D app is being discontinued in November,The Verge,https://www.theverge.com/2024/8/12/24218450/microsoft-paint-3d-deprecated-end-of-support-november
Microsoft,2024-08-12T12:00:05Z,PUBG: Battlegrounds publisher acquires Hi-Fi Rush studio after Microsoft shut it down,Yahoo Entertainment,https://consent.yahoo.com/v2/collectConsent?sessionId=1_cc-session_ca79eb7e-754f-4e9b-bf16-668350c5fc5f
Microsoft,2024-08-05T13:00:00Z,Zoom Is Going After Google and Microsoft With AI-Driven Docs,Wired,https://www.wired.com/story/zoom-is-going-after-google-and-microsoft-with-ai-driven-docs/
Microsoft,1970-01-01T00:00:00Z,[Removed],[Removed],https://removed.com
Microsoft,1970-01-01T00:00:00Z,[Removed],[Removed],https://removed.com
Microsoft,2024-07-31T19:17:48Z,Reddit CEO says Microsoft needs to pay to search the site,The Verge,https://www.theverge.com/2024/7/31/24210565/reddit-microsoft-anthropic-perplexity-pay-ai-search
Microsoft,2024-08-20T16:29:22Z,Microsoft’s new Xbox Game Pass Standard tier is now available to test for $1,The Verge,https://www.theverge.com/2024/8/20/24224498/xbox-game-pass-standard-testing-xbox-insiders
Microsoft,2024-08-11T20:10:07Z,Trump campaign says hackers nabbed internal documents to influence election,Gizmodo.com,https://gizmodo.com/trump-campaign-says-hackers-nabbed-internal-documents-to-influence-election-2000485662
Microsoft,2024-08-01T20:36:54Z,How 'World of Warcraft' Devs Launched One of the Biggest Unions in Video Games,Wired,https://www.wired.com/story/world-of-warcraft-union-vidoe-games-labor/
Microsoft,2024-08-21T20:00:21Z,"Microsoft Says Maligned Recall Feature Is Returning to Copilot+ PCs, Eventually",Gizmodo.com,https://gizmodo.com/microsoft-says-maligned-recall-feature-is-returning-to-copilot-pcs-eventually-2000489640
Microsoft,2024-08-10T21:07:58Z,Trump campaign says its internal messages hacked by Iran,BBC News,https://www.bbc.com/news/articles/c4ge30ze4dpo
Microsoft,2024-08-03T14:17:28Z,Nvidia reportedly delays its next AI chip due to a design flaw,The Verge,https://www.theverge.com/2024/8/3/24212518/nvidia-ai-chip-delay-blackwell-b200-microsoft-amazon-google-openai-meta-artificial-intelligence
Microsoft,2024-08-27T18:47:38Z,"Labor Day deal: Microsoft Office and Windows 11 Pro for Just $41, 90% Off!",Gizmodo.com,https://gizmodo.com/labor-day-deal-microsoft-office-and-windows-11-pro-for-just-41-90-off-2000491036
Microsoft,2024-08-14T10:15:18Z,Google Pixel Screenshots App Isn’t a Privacy Nightmare Like Microsoft Recall,Gizmodo.com,https://gizmodo.com/google-pixel-screenshots-app-isnt-the-privacy-nightmare-like-microsoft-recall-2000486612
Microsoft,2024-08-07T10:00:00Z,"CrowdStrike Faces a Potential Tsunami of Lawsuits. Only the Fine Print Can Save It, Experts Say",Wired,https://www.wired.com/story/crowdstrike-outage-microsoft-delta-lawsuits-analysis/
Microsoft,2024-08-14T22:27:03Z,"A Single Iranian Hacker Group Targeted Both Presidential Campaigns, Google Says",Wired,https://www.wired.com/story/iran-apt42-trump-biden-harris-phishing-targeting/
Microsoft,2024-08-06T18:36:10Z,Sci-fi writer and WordStar lover re-releases the cult DOS app for free,Ars Technica,https://arstechnica.com/gadgets/2024/08/wordstar-7-for-dos-gets-a-free-re-release-from-one-of-its-biggest-author-fans/
Microsoft,2024-08-03T16:30:09Z,NVIDIA’s Blackwell AI chips have reportedly hit a snag and may arrive months late,Yahoo Entertainment,https://consent.yahoo.com/v2/collectConsent?sessionId=1_cc-session_dbb3bf24-eca6-49de-acee-444230a03e77
Microsoft,2024-08-01T13:30:00Z,How to Quickly Remove Bloatware and Invasive Apps From Your Computer,Wired,https://www.wired.com/story/how-to-remove-bloatware-from-your-computer/
Microsoft,2024-07-31T21:10:41Z,"Is LinkedIn Billionaire Reid Hoffman Trying to Bribe Kamala Harris? Well, He Contains Multitudes",Gizmodo.com,https://gizmodo.com/is-tech-billionaire-reid-hoffman-trying-to-bribe-kamala-harris-well-he-contains-multitudes-2000481539
Microsoft,1970-01-01T00:00:00Z,[Removed],[Removed],https://removed.com
Microsoft,2024-08-07T08:09:00Z,Misunderstanding bigness,Seths.blog,https://seths.blog/2024/08/misunderstanding-bigness/
Microsoft,2024-08-20T14:00:00Z,How to troubleshoot a Windows PC that won’t boot,The Verge,https://www.theverge.com/24223845/windows-pc-microsoft-fix-how-to
Microsoft,2024-08-23T12:51:41Z,Leaked Microsoft salary data shows the pay gap between Microsoft AI and the rest of the company,Business Insider,https://www.businessinsider.com/leaked-microsoft-employees-engineers-salary-ai-pay-gap-2024-8
Microsoft,2024-07-31T04:17:45Z,"Fallout game series pulls 500 million users, Microsoft CEO tells investors",ReadWrite,https://readwrite.com/fallout-monthly-active-users-microsoft-xbox-game-pass/
Microsoft,2024-08-17T21:56:30Z,OpenAI Says It Caught a ChatGPT-Powered ‘Iranian Influence Operation’,Gizmodo.com,https://gizmodo.com/openai-chatgpt-iran-us-election-2000488246
Microsoft,2024-08-05T17:25:00Z,Every Microsoft Employee Is Now Being Judged on Their Security Work,Slashdot.org,https://it.slashdot.org/story/24/08/05/1724217/every-microsoft-employee-is-now-being-judged-on-their-security-work
Microsoft,2024-07-31T09:22:59Z,How Satya Nadella created a 'learn-it-all' culture at Microsoft to help it become a $3 trillion powerhouse,Business Insider,https://www.businessinsider.com/satya-nadella-microsoft-powerhouse-ai-investment-openai-2024-7
Microsoft,2024-08-27T17:39:14Z,"Google says 'we're flattered they're worried about us,' after Amazon sales guidelines diss rival's AI capabilities",Business Insider,https://www.businessinsider.com/google-flattered-amazon-seems-worried-about-ai-capabilities-2024-8
Microsoft,2024-08-28T17:15:35Z,"A long, weird FOSS circle ends as Microsoft donates Mono to Wine project",Ars Technica,https://arstechnica.com/gadgets/2024/08/a-long-weird-foss-circle-ends-as-microsoft-donates-mono-to-wine-project/
Microsoft,2024-08-25T12:00:01Z,WhatsApp Shuts Down Iranian Hackers Targeting Trump and Biden Campaigns,Gizmodo.com,https://gizmodo.com/whatsapp-shuts-down-iranian-hackers-targeting-trump-and-biden-campaigns-2000490607
Microsoft,2024-08-02T01:30:00Z,Microsoft Dynamics 365 Called Out For 'Worker Surveillance',Slashdot.org,https://slashdot.org/story/24/08/01/2157252/microsoft-dynamics-365-called-out-for-worker-surveillance
Microsoft,2024-08-06T16:15:00Z,Microsoft Hits Back at Delta in Clash Over System Breakdown,Slashdot.org,https://tech.slashdot.org/story/24/08/06/1615229/microsoft-hits-back-at-delta-in-clash-over-system-breakdown
Microsoft,2024-08-28T16:01:00Z,Microsoft Partners Beware: Action Pack To Be Retired in 2025,Slashdot.org,https://it.slashdot.org/story/24/08/28/143242/microsoft-partners-beware-action-pack-to-be-retired-in-2025
Microsoft,2024-08-23T14:39:31Z,Say Goodbye to Recurring Monthly Fees With Over 90% Off a Microsoft Project Lifetime Subscription,CNET,https://www.cnet.com/deals/say-goodbye-to-recurring-monthly-fees-with-over-90-off-a-microsoft-project-lifetime-subscription/
Microsoft,2024-08-29T11:49:57Z,Labor Day Weekend Deal Drops Microsoft Office as Low as $25 for Life,CNET,https://www.cnet.com/deals/labor-day-weekend-deal-drops-microsoft-office-as-low-as-25-for-life/
Microsoft,2024-08-22T12:26:07Z,Bill Gates says becoming a grandfather 'does definitely mellow you a bit',Business Insider,https://www.businessinsider.com/bill-gates-grandfather-mellowed-grandchildren-work-life-balance-2024-8
Microsoft,2024-08-01T18:53:00Z,Microsoft Now Lists OpenAI as a Competitor in AI and Search,Slashdot.org,https://slashdot.org/story/24/08/01/1854203/microsoft-now-lists-openai-as-a-competitor-in-ai-and-search
Microsoft,2024-08-26T16:32:02Z,Leaked Microsoft pay data shows how much more AI employees make versus the rest of the company,Business Insider,https://www.businessinsider.com/microsoft-pay-data-shows-how-much-more-ai-workers-make-2024-8
Microsoft,2024-08-02T13:00:00Z,Surface Pro 11 review: tantalizingly close to the dream,The Verge,https://www.theverge.com/24191243/microsoft-surface-pro-11-oled-review
Microsoft,1970-01-01T00:00:00Z,[Removed],[Removed],https://removed.com
Microsoft,2024-08-08T23:22:16Z,Computer Crash Reports Are an Untapped Hacker Goldmine,Wired,https://www.wired.com/story/crash-reports-vulnerability-data/
Microsoft,2024-08-13T13:34:41Z,New book says Bill Gates was envious of Steve Jobs' magnetism: 'How does he do that?',Business Insider,https://www.businessinsider.com/microsoft-bill-gates-jealous-apple-steve-jobs-magnetism-book-2024-8
Microsoft,2024-08-27T09:07:02Z,I interned at JP Morgan and Microsoft as a software engineer. This is my secret to landing offers.,Business Insider,https://www.businessinsider.com/how-to-get-software-engineering-internships-at-jp-morgan-microsoft-2024-8
Microsoft,2024-08-22T09:00:01Z,Leaked Microsoft pay data shows how much hundreds of software engineers report making in units like Azure and AI,Business Insider,https://www.businessinsider.com/microsoft-spreadsheet-shows-pay-engineers-2024-8
Microsoft,2024-08-06T09:26:02Z,"Sweaty, desperate, and sad: Big Tech is giving off divorced dad energy",Business Insider,https://www.businessinsider.com/tech-industry-divorced-dad-energy-google-microsoft-amazon-innovation-2024-8
Microsoft,2024-08-21T16:55:20Z,The founder of a software-development company says there's a 'huge demand' for training and education applications — extended reality can help,Business Insider,https://www.businessinsider.com/treeview-extended-reality-artificial-intelligence-software-development-metaverse-2024-8
Microsoft,2024-08-28T15:09:26Z,"Satya Nadella's career rise, from computer science student to turning Microsoft into a $3 trillion titan as CEO",Business Insider,https://www.businessinsider.com/microsoft-ceo-satya-nadella-career-rise
Microsoft,2024-08-01T11:15:50Z,The Morning After: Squid Game returns on December 26,Yahoo Entertainment,https://consent.yahoo.com/v2/collectConsent?sessionId=1_cc-session_7dc115ad-7788-48b1-9083-8e815f7280d6
Microsoft,2024-08-27T19:40:54Z,X is working on its own version of Zoom for some reason,Yahoo Entertainment,https://consent.yahoo.com/v2/collectConsent?sessionId=1_cc-session_904f5db4-cc7c-4270-8090-2b89bda81f1c
Microsoft,2024-08-14T18:35:25Z,Taylor Swift Pulling a 9/11 Gives Companies a Whole New Reason to Advertise on X,Gizmodo.com,https://gizmodo.com/taylor-swift-pulling-a-9-11-gives-companies-a-whole-new-reason-to-advertise-on-x-2000487130
Microsoft,2024-07-31T23:43:39Z,Tech giants: AI will transform 92% of ICT jobs; we must upskill now,VentureBeat,https://venturebeat.com/ai/tech-giants-ai-will-transform-92-of-ict-jobs-we-must-upskill-now/
Microsoft,2024-08-05T19:02:19Z,Judge rules that Google ‘is a monopolist’ in US antitrust case,The Verge,https://www.theverge.com/2024/8/5/24155520/judge-rules-on-us-doj-v-google-antitrust-search-suit
Microsoft,2024-07-31T21:29:23Z,Qualcomm promises Snapdragon X PCs will cost as little as $700 next year,The Verge,https://www.theverge.com/2024/7/31/24210783/qualcomm-promises-snapdragon-x-pcs-will-cost-as-little-as-700-next-year
Microsoft,2024-08-09T17:40:34Z,"Google lost its first antitrust case, so what happens next?",The Verge,https://www.theverge.com/2024/8/9/24216708/google-lost-antitrust-elon-musk-sues-advertisers
Microsoft,2024-08-20T16:54:37Z,Authors sue Anthropic for training AI using pirated books,The Verge,https://www.theverge.com/2024/8/20/24224450/anthropic-copyright-lawsuit-pirated-books-ai
Microsoft,2024-08-21T21:59:00Z,Microsoft confirma la muerte del Panel de Control de Windows,Hipertextual,http://hipertextual.com/2024/08/microsoft-confirma-muerte-panel-de-control-windows
Microsoft,2024-08-12T17:10:47Z,Microsoft eliminará otra aplicación clásica de Windows este año,Hipertextual,http://hipertextual.com/2024/08/microsoft-elimina-paint-3d-windows-store
Microsoft,2024-08-16T18:01:00Z,Microsoft elimina el límite arbitrario de FAT32 en Windows,Hipertextual,http://hipertextual.com/2024/08/microsoft-elimina-el-limite-arbitrario-de-fat32-en-windows
Microsoft,2024-08-09T20:11:51Z,Microsoft detects fake news sites linked to Iran aimed at meddling in U.S. election,NPR,https://www.npr.org/2024/08/09/nx-s1-5069317/iran-interfere-presidential-election-microsoft-report
Microsoft,2024-07-31T14:40:00Z,Delta CEO Says CrowdStrike-Microsoft Outage Cost the Airline $500 Million,Slashdot.org,https://slashdot.org/story/24/07/31/1325235/delta-ceo-says-crowdstrike-microsoft-outage-cost-the-airline-500-million
Microsoft,2024-08-11T07:34:00Z,Some Def Con Attendees Forgive Crowdstrike - and Some Blame Microsoft Windows,Slashdot.org,https://it.slashdot.org/story/24/08/11/0520231/some-def-con-attendees-forgive-crowdstrike---and-some-blame-microsoft-windows
Microsoft,2024-08-15T17:25:00Z,"German Cyber Agency Wants Changes in Microsoft, CrowdStrike Products After Tech Outage",Slashdot.org,https://it.slashdot.org/story/24/08/15/1725216/german-cyber-agency-wants-changes-in-microsoft-crowdstrike-products-after-tech-outage
Microsoft,2024-08-22T16:48:00Z,Microsoft Will Try the Data-Scraping Windows Recall Feature Again in October,Slashdot.org,https://tech.slashdot.org/story/24/08/22/1648253/microsoft-will-try-the-data-scraping-windows-recall-feature-again-in-october
Microsoft,2024-08-01T14:00:00Z,Reddit CEO Says Microsoft and Others Need To Pay To Search the Site,Slashdot.org,https://tech.slashdot.org/story/24/08/01/1129247/reddit-ceo-says-microsoft-and-others-need-to-pay-to-search-the-site
Microsoft,2024-08-21T00:40:00Z,"'Something Has Gone Seriously Wrong,' Dual-Boot Systems Warn After Microsoft Update",Slashdot.org,https://tech.slashdot.org/story/24/08/21/0031243/something-has-gone-seriously-wrong-dual-boot-systems-warn-after-microsoft-update
Microsoft,2024-08-01T07:49:20Z,"Reddit's CEO says Microsoft, Anthropic, and Perplexity scraping content is 'a real pain in the ass'",Business Insider,https://www.businessinsider.com/reddit-slams-microsoft-anthropic-perplexity-ai-training-llms-model-licensing-2024-8
Microsoft,2024-08-27T20:00:00Z,Microsoft no matará al Panel de Control de Windows (por ahora),Hipertextual,http://hipertextual.com/2024/08/microsof-no-matara-panel-control-windows
Microsoft,2024-08-14T12:45:21Z,DOJ Considering Breaking Up Google After Monopoly Ruling: Report,Gizmodo.com,https://gizmodo.com/doj-considering-breaking-up-google-after-monopoly-ruling-report-2000486766
Microsoft,2024-08-30T19:37:55Z,Palantir Technologies Inc. (NYSE:PLTR): Microsoft Deal Is Game Changing,Yahoo Entertainment,https://finance.yahoo.com/news/palantir-technologies-inc-nyse-pltr-193755344.html
Microsoft,2024-07-31T16:20:27Z,"Microsoft down: Outage was caused by cyber attack, company says",Yahoo Entertainment,https://consent.yahoo.com/v2/collectConsent?sessionId=1_cc-session_ec6ab179-ef61-423e-a6d8-578c7fc7fa16
Microsoft,2024-08-23T15:28:45Z,Microsoft to host cybersecurity summit after CrowdStrike-induced IT outage,Yahoo Entertainment,https://consent.yahoo.com/v2/collectConsent?sessionId=1_cc-session_4cca4057-12d3-418d-b9c6-3bc3866d4192
Microsoft,2024-08-22T22:38:25Z,Google Essentials will house all Google services in a single Windows app,Yahoo Entertainment,https://consent.yahoo.com/v2/collectConsent?sessionId=1_cc-session_7fe873e6-c8d8-4a70-baa5-78fbc6721c70
Microsoft,2024-08-20T19:30:00Z,Microsoft Teams implementa la función más pedida en su nueva app para Mac y PC,Hipertextual,http://hipertextual.com/2024/08/microsoft-teams-implementa-cuentas-unificadas-mac-pc
Microsoft,2024-08-09T19:40:00Z,Microsoft lanzaría su propio Apple Vision Pro con ayuda de Samsung,Hipertextual,http://hipertextual.com/2024/08/microsoft-lanzaria-su-propio-apple-vision-pro-con-ayuda-de-samsung
Microsoft,2024-08-15T20:46:00Z,Microsoft ya no te hostigará para que actualices tu PC a Windows 11,Hipertextual,http://hipertextual.com/2024/08/microsoft-ya-no-te-hostigara-para-que-actualices-a-windows-11
Microsoft,2024-08-21T14:55:55Z,Microsoft abre las reservas de la nueva Xbox Series X sin lectora de discos y confirma su fecha de lanzamiento,Hipertextual,http://hipertextual.com/2024/08/microsoft-abre-las-reservas-de-la-nueva-xbox-series-x-solo-digital
Microsoft,2024-08-30T18:14:25Z,Microsoft añade una de las funciones más útiles de su IA en Word,Hipertextual,http://hipertextual.com/2024/08/microsoft-word-resumentes-inteligencia-artificial-copilot
Microsoft,2024-07-31T12:21:14Z,Microsoft's timeline for its massive AI bet is testing everyone's patience,Business Insider,https://www.businessinsider.com/microsoft-ai-satya-nadella-tech-payoff-investment
Microsoft,2024-07-31T19:20:00Z,"Microsoft says cyberattack triggered Azure outage that impacted Outlook, Starbucks app and more",Fast Company,https://www.fastcompany.com/91165872/microsoft-azure-outage-outlook-starbucks-app-cyberattack
Microsoft,2024-08-24T14:00:36Z,Microsoft apps on macOS could be your biggest privacy threat,Fox News,https://www.foxnews.com/tech/microsoft-apps-macos-could-your-biggest-privacy-threat
Microsoft,2024-08-06T18:38:13Z,Microsoft lashes out at Delta: Your ancient tech caused the service meltdown,CNN,https://www.cnn.com/2024/08/06/business/microsoft-crowdstrike-outage-delta?cid=external-feeds_iluminar_yahoo
Microsoft,2024-08-04T12:00:00Z,"As AI gobbles electricity, is now the time to buy unloved utility stocks?",Yahoo Entertainment,https://finance.yahoo.com/news/ai-gobbles-electricity-now-time-120000986.html
Microsoft,2024-08-17T20:34:00Z,"Paul Allen's Estate Auction Includes Vintage Apple-1, CP/M and DOS-Powered Computers",Slashdot.org,https://slashdot.org/story/24/08/17/1949252/paul-allens-estate-auction-includes-vintage-apple-1-cpm-and-dos-powered-computers
Microsoft,2024-08-05T22:10:49Z,"‘You are a helpful mail assistant,’ and other Apple Intelligence instructions",The Verge,https://www.theverge.com/2024/8/5/24213861/apple-intelligence-instructions-macos-15-1-sequoia-beta
Microsoft,2024-07-31T11:00:13Z,Play Call of Duty: Modern Warfare 3 and More on Xbox Game Pass Now,CNET,https://www.cnet.com/tech/gaming/play-call-of-duty-modern-warfare-3-and-more-on-xbox-game-pass-now/
Microsoft,2024-08-09T12:30:06Z,How to download Microsoft Word,Digital Trends,https://www.digitaltrends.com/computing/how-to-download-microsoft-word/
Microsoft,2024-08-23T21:00:52Z,How to download Microsoft PowerPoint,Digital Trends,https://www.digitaltrends.com/computing/how-to-download-microsoft-powerpoint/
Microsoft,2024-08-01T18:00:54Z,America’s Cyber Security Agency Picks Its First Head of AI,Gizmodo.com,https://gizmodo.com/americas-cyber-security-agency-picks-its-first-head-of-ai-2000482281
Microsoft,2024-08-05T20:25:14Z,Crowdstrike Tells Delta It ‘Wasn’t Grossly Negligent’ When It Started a Global Outage,Gizmodo.com,https://gizmodo.com/crowdstrike-tells-delta-it-wasnt-grossly-negligent-when-it-started-a-global-outage-2000483288
Microsoft,2024-08-29T22:15:42Z,Labor Day Deal: Enjoy the Enhanced UI of Windows 11 Pro for 89% off,Gizmodo.com,https://gizmodo.com/labor-day-deal-enjoy-the-enhanced-ui-of-windows-11-pro-for-89-off-2000492532
Microsoft,2024-08-08T13:45:12Z,Sci-Fi Writer Releases Free Archive of Legendary Word Processor Used by George RR Martin,Gizmodo.com,https://gizmodo.com/sci-fi-writer-releases-free-archive-of-legendary-word-processor-used-by-george-rr-martin-2000484618
Microsoft,2024-08-19T18:00:36Z,Historical Microsoft and Apple Artifacts Among First Christie’s Auction of Living Computers Museum,Hackaday,https://hackaday.com/2024/08/19/historical-microsoft-and-apple-artifacts-among-first-christies-auction-of-living-computers-museum/
Microsoft,2024-08-21T14:05:00Z,Microsoft's White Xbox Series X and 2TB Special-edition Model Launching in October,Slashdot.org,https://games.slashdot.org/story/24/08/21/145259/microsofts-white-xbox-series-x-and-2tb-special-edition-model-launching-in-october
Microsoft,2024-08-02T09:31:22Z,Hasta ahora Microsoft y OpenAI eran grandes aliadas. Hasta ahora,Xataka.com,https://www.xataka.com/robotica-e-ia/ahora-microsoft-openai-eran-grandes-aliadas-ahora
Microsoft,2024-08-07T00:03:20Z,Apple prefirió el buscador de Google porque Bing era «horrible»,Hipertextual,http://hipertextual.com/2024/08/apple-prefirio-google-porque-bing-era-horrible
Microsoft,2024-08-17T15:49:13Z,OpenAI says Iranian group using ChatGPT tried to sow division ahead of U.S. election,NPR,https://www.npr.org/2024/08/17/nx-s1-5079397/openai-chatgpt-iranian-group-us-election
Microsoft,2024-08-12T23:34:09Z,FBI is investigating after Trump campaign says Iran hacked sensitive documents,NPR,https://www.npr.org/2024/08/12/g-s1-16687/fbi-trump-campaign-iran-hack-investigation
Google,2024-08-22T22:38:25Z,Google Essentials will house all Google services in a single Windows app,Yahoo Entertainment,https://consent.yahoo.com/v2/collectConsent?sessionId=1_cc-session_7fe873e6-c8d8-4a70-baa5-78fbc6721c70
Google,2024-08-06T13:00:00Z,"Google 4th-Gen Nest Learning Thermostat and Google TV Streamer: Specs, Features, Price, Release Date",Wired,https://www.wired.com/story/google-nest-learning-thermostat-4th-gen-google-tv-streamer/
Google,2024-08-09T11:30:28Z,Engadget Podcast: The Google search monopoly + 'Industry' creator interview,Yahoo Entertainment,https://consent.yahoo.com/v2/collectConsent?sessionId=1_cc-session_b495d808-cfb3-43e8-baee-60fb5e5964ba
Google,1970-01-01T00:00:00Z,[Removed],[Removed],https://removed.com
Google,2024-08-07T11:15:23Z,The Morning After: Google replaces Chromecast with the TV Streamer,Yahoo Entertainment,https://consent.yahoo.com/v2/collectConsent?sessionId=1_cc-session_73ad17a2-94a9-45d1-b0dc-7f996270e661
Google,1970-01-01T00:00:00Z,[Removed],[Removed],https://removed.com
Google,2024-07-31T13:00:00Z,Google Maps is getting even more like Waze,The Verge,https://www.theverge.com/2024/7/31/24209969/google-maps-destination-guidance-waze-camera-events
Google,2024-08-10T06:43:13Z,Long-time Google exec Susan Wojcicki has died at 56,The Verge,https://www.theverge.com/2024/8/10/24217307/susan-wojcicki-youtube-ceo-google-exec-dies
Google,2024-07-31T13:00:00Z,Google tweaks Search to help hide explicit deepfakes,The Verge,https://www.theverge.com/2024/7/31/24210283/google-search-update-remove-explicit-deepfakes-results
Google,2024-08-09T17:40:34Z,"Google lost its first antitrust case, so what happens next?",The Verge,https://www.theverge.com/2024/8/9/24216708/google-lost-antitrust-elon-musk-sues-advertisers
Google,1970-01-01T00:00:00Z,[Removed],[Removed],https://removed.com
Google,2024-08-05T19:33:58Z,"Google 'is a monopolist' in search, US judge rules in antitrust case",Yahoo Entertainment,https://consent.yahoo.com/v2/collectConsent?sessionId=1_cc-session_b56e8c88-d812-47bf-9d71-eedaf814b354
Google,2024-07-31T17:30:01Z,Google Declares War on Deepfake Porn,Gizmodo.com,https://gizmodo.com/google-declares-war-on-deepfake-porn-2000481593
Google,2024-08-06T15:00:37Z,It’s Official: Google Is a Monopoly,Gizmodo.com,https://gizmodo.com/its-official-google-is-a-monopoly-2000483619
Google,2024-08-02T13:51:25Z,The Google Pixel 8a drops to a new low of $399,Yahoo Entertainment,https://consent.yahoo.com/v2/collectConsent?sessionId=1_cc-session_bcabd6fc-b5f0-4d9f-bfd4-f8041ea59933
Google,1970-01-01T00:00:00Z,[Removed],[Removed],https://removed.com
Google,1970-01-01T00:00:00Z,[Removed],[Removed],https://removed.com
Google,2024-08-12T21:02:17Z,The Made by Google Pixel 9 launch event kicks off tomorrow. Here's what we expect,Yahoo Entertainment,https://consent.yahoo.com/v2/collectConsent?sessionId=1_cc-session_781f62a8-ce47-4c13-a7e3-36e534550b49
Google,2024-08-12T16:12:07Z,Made by Google Pixel event: how to watch on August 13,Yahoo Entertainment,https://consent.yahoo.com/v2/collectConsent?sessionId=1_cc-session_674b7bf2-e15c-4919-908a-412bd927664d
Google,2024-08-15T18:59:28Z,Researchers claim most Google Pixel phones shipped with exploitable bloatware since 2017,Yahoo Entertainment,https://consent.yahoo.com/v2/collectConsent?sessionId=1_cc-session_7dbb0e42-0870-42b0-8a9a-90ae27d6d880
Google,2024-08-15T20:22:46Z,Online publishers face a dilemma: Allow AI scraping from Google or lose search visibility,Yahoo Entertainment,https://consent.yahoo.com/v2/collectConsent?sessionId=1_cc-session_dc87e039-3dd3-4a02-82df-75decd5b48ca
Google,1970-01-01T00:00:00Z,[Removed],[Removed],https://removed.com
Google,1970-01-01T00:00:00Z,[Removed],[Removed],https://removed.com
Google,2024-08-15T20:00:21Z,California state IDs can now be stored in Apple Wallet and Google Wallet,Yahoo Entertainment,https://consent.yahoo.com/v2/collectConsent?sessionId=1_cc-session_4d882fc4-77c8-4343-993d-5f90793d52c6
Google,2024-08-16T21:05:31Z,"Google acknowledges it ""missed the mark"" with Team Pixel program language for Pixel 9 reviews",Yahoo Entertainment,https://consent.yahoo.com/v2/collectConsent?sessionId=1_cc-session_615f4ba9-db3f-4b1e-b86b-261f459b639e
Google,2024-08-21T12:00:00Z,"Best Distraction-Free Writing Apps: iA Writer, Ulysses, FocusWriter, Google Docs, Obsidian",Wired,https://www.wired.com/story/best-apps-for-distraction-free-writing/
Google,2024-08-05T13:00:00Z,Zoom Is Going After Google and Microsoft With AI-Driven Docs,Wired,https://www.wired.com/story/zoom-is-going-after-google-and-microsoft-with-ai-driven-docs/
Google,2024-08-15T13:00:00Z,Nearly All Google Pixel Phones Are Left Exposed by Unpatched Flaw in Hidden Android App,Wired,https://www.wired.com/story/google-android-pixel-showcase-vulnerability/
Google,2024-08-14T22:27:03Z,"A Single Iranian Hacker Group Targeted Both Presidential Campaigns, Google Says",Wired,https://www.wired.com/story/iran-apt42-trump-biden-harris-phishing-targeting/
Google,2024-08-12T09:00:00Z,"How to Watch the Made by Google Pixel 9 Launch Event, and What to Expect",Wired,https://www.wired.com/story/made-by-google-2024-pixel-9-launch-event-how-to-watch-what-to-expect/
Google,2024-08-05T14:57:26Z,Donald Trump says Google ‘has to be careful’ or it will be ‘shut down’,The Verge,https://www.theverge.com/2024/8/5/24212296/trump-vance-google-shut-down-first-amendment
Google,2024-08-05T19:02:19Z,Judge rules that Google ‘is a monopolist’ in US antitrust case,The Verge,https://www.theverge.com/2024/8/5/24155520/judge-rules-on-us-doj-v-google-antitrust-search-suit
Google,2024-08-22T14:03:06Z,Google reaches a $250 million deal to skirt proposed journalism bill,The Verge,https://www.theverge.com/2024/8/22/24225986/google-california-newsroom-deal-cjpa-journalism
Google,2024-08-13T17:00:40Z,Say Goodbye to Google Assistant and Hello to Gemini Live,Gizmodo.com,https://gizmodo.com/say-goodbye-to-the-google-assistant-on-android-hello-to-gemini-live-2000486157
Google,2024-08-23T13:30:46Z,Which Google Pixel 9 Is Right for You?,Gizmodo.com,https://gizmodo.com/which-google-pixel-9-is-right-for-you-2000489752
Google,2024-08-14T12:45:21Z,DOJ Considering Breaking Up Google After Monopoly Ruling: Report,Gizmodo.com,https://gizmodo.com/doj-considering-breaking-up-google-after-monopoly-ruling-report-2000486766
Google,2024-08-02T11:05:16Z,Google Gemini Might Soon Question Your Taste in Music,Gizmodo.com,https://gizmodo.com/google-gemini-might-soon-question-your-taste-in-music-2000482245
Google,2024-08-04T00:36:01Z,Google Says AI Olympics Ad ‘Tested Well’ Before Inspiring Outrage,Gizmodo.com,https://gizmodo.com/google-says-ai-olympics-ad-tested-well-before-inspiring-outrage-2000482900
Google,1970-01-01T00:00:00Z,[Removed],[Removed],https://removed.com
Google,1970-01-01T00:00:00Z,[Removed],[Removed],https://removed.com
Google,2024-07-31T17:30:00Z,What to expect from Google’s Pixel 9 event,The Verge,https://www.theverge.com/2024/7/31/24208625/google-pixel-hardware-event-august-2024-leaks
Google,2024-08-15T00:00:25Z,Ex-Google CEO says successful AI startups can steal IP and hire lawyers to ‘clean up the mess’,The Verge,https://www.theverge.com/2024/8/14/24220658/google-eric-schmidt-stanford-talk-ai-startups-openai
Google,2024-08-10T11:00:20Z,Former YouTube CEO Susan Wojcicki has died,Yahoo Entertainment,https://consent.yahoo.com/v2/collectConsent?sessionId=1_cc-session_f7b0f0f5-7e3e-4cea-876d-4e2821fda2b4
Google,2024-08-28T10:00:00Z,"Signal Is More Than Encrypted Messaging. Under Meredith Whittaker, It’s Out to Prove Surveillance Capitalism Wrong",Wired,https://www.wired.com/story/meredith-whittaker-signal/
Google,2024-08-12T15:04:10Z,Pixel Buds Pro 2 could come with better active noise cancellation,The Verge,https://www.theverge.com/2024/8/12/24218594/pixel-buds-pro-2-better-active-noise-cancellation
Google,2024-08-08T17:00:13Z,Google Beefs Up Android’s Second-Favorite Weather App in Time for the Pixel 9,Gizmodo.com,https://gizmodo.com/google-beefs-up-androids-second-favorite-weather-app-in-time-for-the-pixel-9-2000484725
Google,2024-08-10T10:00:52Z,How (and When) to Use Gemini AI in Gmail and Google Docs,Gizmodo.com,https://gizmodo.com/how-and-when-to-use-gemini-ai-in-gmail-and-google-docs-2000484837
Google,2024-08-21T17:12:17Z,Google Pixel 9 Pro XL Early Review: Google’s Android Phone Is Doing Its Best iPhone Impression,Gizmodo.com,https://gizmodo.com/google-pixel-9-pro-xl-review-2000489196
Google,2024-08-13T17:00:49Z,Google Pixel Watch 3 Hands On: A Big Screen for Big Wrists,Gizmodo.com,https://gizmodo.com/google-pixel-watch-3-hands-on-a-big-screen-for-big-wrists-2000486355
Google,2024-08-13T17:00:23Z,Google Pixel 9 Pro Fold Hands On: Still Playing Catch-up,Gizmodo.com,https://gizmodo.com/google-pixel-9-pro-fold-hands-on-still-playing-catch-up-2000485931
Google,2024-08-13T17:00:58Z,Google Pixel 9 Hands On: Pixels With Extra Size and Extra AI,Gizmodo.com,https://gizmodo.com/google-pixel-9-hands-on-pixels-with-extra-size-and-extra-ai-2000486055
Google,2024-08-13T16:35:01Z,Google Wallet Just Made it Easier to Turn Anything Into a Digital Pass,Gizmodo.com,https://gizmodo.com/google-wallet-just-made-it-easier-to-organize-your-digital-keys-2000486298
Google,2024-08-13T17:44:10Z,The Google Pixel’s Best Accessibility Features are Now Easier to Use,Gizmodo.com,https://gizmodo.com/google-pixels-best-accessibility-features-are-now-easier-to-use-2000486385
Google,2024-08-06T13:05:06Z,"The Google Nest Learning Thermostat Looks Like a Giant Pixel Watch, and That’s the Point",Gizmodo.com,https://gizmodo.com/the-google-nest-learning-thermostat-looks-like-a-giant-pixel-watch-and-thats-the-point-2000483437
Google,2024-07-31T17:51:44Z,"Google, Meta Debunk Claims They Were Hiding Details About Trump Assassination Attempt",Gizmodo.com,https://gizmodo.com/google-meta-debunk-claims-they-were-hiding-details-about-trump-assassination-attempt-2000481577
Google,2024-08-01T16:15:47Z,Google Pixel 9 Pro Fold Might Be Its Thinnest Foldable Yet,Gizmodo.com,https://gizmodo.com/google-pixel-9-pro-fold-thinnest-foldable-at-launch-2000482128
Google,2024-08-16T17:30:04Z,The 4 Most Exciting Features on the Google Pixel Buds Pro 2,Gizmodo.com,https://gizmodo.com/the-4-most-exciting-features-on-the-google-pixel-buds-pro-2-2000486893
Google,2024-08-14T10:15:18Z,Google Pixel Screenshots App Isn’t a Privacy Nightmare Like Microsoft Recall,Gizmodo.com,https://gizmodo.com/google-pixel-screenshots-app-isnt-the-privacy-nightmare-like-microsoft-recall-2000486612
Google,2024-08-13T13:25:16Z,Made by Google 2024: How to Stream Google’s Pixel 9 Event,Gizmodo.com,https://gizmodo.com/how-to-watch-made-by-google-2000486284
Google,2024-08-24T10:00:05Z,"Zoom Docs Is Here, Is It Any Good?",Gizmodo.com,https://gizmodo.com/zoom-docs-vs-google-docs-2000490313
Google,2024-08-06T15:42:44Z,Does everyone hate Google now?,Ars Technica,https://arstechnica.com/culture/2024/08/in-a-divided-america-one-thing-now-unites-hating-google/
Google,1970-01-01T00:00:00Z,[Removed],[Removed],https://removed.com
Google,1970-01-01T00:00:00Z,[Removed],[Removed],https://removed.com
Google,2024-08-06T19:00:14Z,"There Is No Escaping Google’s Gemini, Not Even in the Smart Home",Gizmodo.com,https://gizmodo.com/there-is-no-escaping-googles-gemini-not-even-in-the-smart-home-2000483743
Google,2024-08-14T16:30:03Z,"Geofence Warrants Are Unconstitutional, Federal Appeals Court Rules",Gizmodo.com,https://gizmodo.com/geofence-warrants-are-unconstitutional-federal-appeals-court-rules-2000486954
Google,2024-08-03T12:30:00Z,How to Control Android Auto or Apple CarPlay With Your Voice While Driving,Wired,https://www.wired.com/story/how-to-use-your-voice-to-control-android-auto-or-apple-carplay/
Google,2024-08-06T13:00:41Z,Google’s New $100 TV Streamer Is a Beefed Up Chromecast That Doubles as a Smart Home Hub,Gizmodo.com,https://gizmodo.com/googles-new-100-tv-streamer-is-a-beefed-up-chromecast-that-doubles-as-a-smart-home-hub-2000483358
Google,2024-08-24T14:04:00Z,How to Switch From iPhone to Android (2024),Wired,https://www.wired.com/story/how-to-switch-from-iphone-to-android/
Google,2024-08-16T14:25:16Z,"Fortnite’s Back on the Menu, Boys: Epic Games Store Goes Online for iOS and Android",Gizmodo.com,https://gizmodo.com/epic-games-store-goes-online-ios-and-android-2000487916
Google,2024-08-01T16:35:55Z,Lens in Chrome Could Be Even Better Than Circle to Search,Gizmodo.com,https://gizmodo.com/lens-in-chrome-could-be-even-better-than-circle-to-search-2000482198
Google,2024-08-13T17:00:27Z,Google Pixel Buds Pro 2 Hands On: Buds That Feel as Good as the AirPods Pro 2,Gizmodo.com,https://gizmodo.com/google-pixel-buds-pro-2-hands-on-buds-that-feel-as-good-as-airpods-pro-2-2000486306
Google,2024-08-13T21:15:28Z,Everything Announced at Made by Google 2024: New Pixel 9 Phones and Gemini Live Takes Over Android,Gizmodo.com,https://gizmodo.com/everything-announced-made-by-google-2024-pixel-9-gemini-live-2000486543
Google,2024-08-02T21:43:16Z,The 2025 Explorer is the first Ford to get the new Android-powered infotainment system,The Verge,https://www.theverge.com/2024/8/2/24212211/ford-explorer-2025-digital-experience-android-infortainment
Google,1970-01-01T00:00:00Z,[Removed],[Removed],https://removed.com
Google,2024-08-16T19:21:00Z,Can Google Make Stoplights Smarter?,Slashdot.org,https://tech.slashdot.org/story/24/08/16/180229/can-google-make-stoplights-smarter
Google,2024-08-15T12:00:28Z,Google Pixel 9 vs. Samsung Galaxy S24,Android Central,https://www.androidcentral.com/phones/google-pixel-9-vs-samsung-galaxy-s24
Google,2024-08-14T21:36:46Z,Google Pixel 9 vs. Pixel 9 Pro,Android Central,https://www.androidcentral.com/phones/google-pixel-9-vs-pixel-9-pro
Google,2024-08-15T08:25:24Z,Is the Google Pixel 9 waterproof?,Android Central,https://www.androidcentral.com/phones/is-the-google-pixel-9-waterproof
Google,2024-08-21T13:56:15Z,Is the Google Pixel Watch 3 waterproof?,Android Central,https://www.androidcentral.com/wearables/is-google-pixel-watch-3-waterproof
Google,2024-08-29T12:00:02Z,Google 'Add Me' Explained: Fake Photos? video,CNET,https://www.cnet.com/videos/google-add-me-explained-fake-photos/
Google,2024-08-19T16:30:59Z,Google denies report that it’s discontinuing Fitbit products,Ars Technica,https://arstechnica.com/gadgets/2024/08/google-denies-report-that-its-discontinuing-fitbit-products/
Google,2024-08-28T20:31:27Z,Google AI reintroduces human image generation after historical accuracy outcry,Ars Technica,https://arstechnica.com/ai/2024/08/months-after-controversy-google-ai-can-generate-images-of-humans-again/
Google,2024-08-10T12:00:43Z,"News Weekly: Google is a monopoly, Meta closes a first-party VR studio, new Google hardware, and more",Android Central,https://www.androidcentral.com/apps-software/news-weekly-august-10-2024
Google,2024-08-01T18:41:23Z,The Republican National Committee loses its legal challenge to Gmail,Yahoo Entertainment,https://consent.yahoo.com/v2/collectConsent?sessionId=1_cc-session_1bb4bc95-b6db-442e-92dd-5109bd1571ef
Google,2024-07-31T13:00:00Z,Wix’s AI will now write whole blog posts for you,The Verge,https://www.theverge.com/2024/7/31/24210304/wix-ai-website-builder-seo-blog-posts
Google,2024-08-08T01:35:16Z,How much RAM and storage does the Google TV Streamer have?,Android Central,https://www.androidcentral.com/streaming-tv/google-tv-streamer-how-much-ram-storage
Google,2024-08-09T19:02:31Z,Google Authenticator redesign adds a 'Privacy screen' lock and search,Android Central,https://www.androidcentral.com/apps-software/google-authenticator-security-material-you-redesign
Google,2024-08-13T19:30:52Z,Best Google Pixel 9 Pro Fold screen protectors 2024,Android Central,https://www.androidcentral.com/accessories/best-google-pixel-9-pro-fold-screen-protectors
Google,2024-08-13T21:00:59Z,What color Google Pixel Watch 3 should you buy?,Android Central,https://www.androidcentral.com/wearables/what-color-google-pixel-watch-3-should-you-buy
Google,2024-08-13T17:25:14Z,What color Google Pixel 9 Pro Fold should you buy?,Android Central,https://www.androidcentral.com/phones/what-color-google-pixel-9-pro-fold-should-you-buy
Google,2024-08-06T13:00:15Z,Google Home is leveling up its game with Gemini integration,Android Central,https://www.androidcentral.com/apps-software/google-home-to-become-smarter-with-gemini-help
Google,2024-08-27T15:54:21Z,Google Pixel 10: Rumors and everything we want to see,Android Central,https://www.androidcentral.com/phones/google-pixel-10
Google,2024-08-13T18:30:38Z,Best Google Pixel 9 and Pixel 9 Pro cases 2024,Android Central,https://www.androidcentral.com/accessories/best-google-pixel-9-and-pixel-9-pro-cases
Google,2024-08-13T21:25:33Z,What color Google Pixel Buds Pro 2 should you buy?,Android Central,https://www.androidcentral.com/accessories/earbuds/what-color-google-pixel-buds-pro-2-should-you-buy
Google,2024-08-13T17:40:15Z,Best Google Pixel 9 Pro XL cases 2024,Android Central,https://www.androidcentral.com/accessories/best-google-pixel-9-pro-xl-cases
Google,2024-08-13T22:15:05Z,Best Google Pixel 9 Pro XL screen protectors 2024,Android Central,https://www.androidcentral.com/accessories/best-google-pixel-9-pro-xl-screen-protectors
Google,2024-08-05T20:52:51Z,Maybe you should wait for the Google Pixel 10,Android Central,https://www.androidcentral.com/phones/google-tensor-g4-rumors
Google,2024-08-14T21:15:43Z,Best Google Pixel Watch 3 screen protectors 2024,Android Central,https://www.androidcentral.com/accessories/best-google-pixel-watch-3-screen-protectors
Google,2024-08-15T13:00:23Z,How fast is the Google Pixel 9 charging speed?,Android Central,https://www.androidcentral.com/phones/google-pixel-9-charging-speed
Google,2024-08-15T11:00:47Z,Does the Google Pixel 9 series support Qi2 wireless charging?,Android Central,https://www.androidcentral.com/phones/does-google-pixel-9-support-qi2-wireless-charging
